Field Name; Declaring Class; Package
arch;Processor;org.apache.commons.lang3.arch
type;Processor;org.apache.commons.lang3.arch
type;Diff;org.apache.commons.lang3.builder
fieldName;Diff;org.apache.commons.lang3.builder
left;DiffBuilder;org.apache.commons.lang3.builder
right;DiffBuilder;org.apache.commons.lang3.builder
excludeFieldNames;ReflectionDiffBuilder;org.apache.commons.lang3.builder
excludeFieldNames;ReflectionToStringBuilder;org.apache.commons.lang3.builder
includeFieldNames;ReflectionToStringBuilder;org.apache.commons.lang3.builder
upToClass;ReflectionToStringBuilder;org.apache.commons.lang3.builder
defaultStyle;ToStringBuilder;org.apache.commons.lang3.builder
object;ToStringBuilder;org.apache.commons.lang3.builder
style;ToStringBuilder;org.apache.commons.lang3.builder
contentStart;ToStringStyle;org.apache.commons.lang3.builder
contentEnd;ToStringStyle;org.apache.commons.lang3.builder
fieldNameValueSeparator;ToStringStyle;org.apache.commons.lang3.builder
fieldSeparator;ToStringStyle;org.apache.commons.lang3.builder
arrayStart;ToStringStyle;org.apache.commons.lang3.builder
arraySeparator;ToStringStyle;org.apache.commons.lang3.builder
arrayEnd;ToStringStyle;org.apache.commons.lang3.builder
nullText;ToStringStyle;org.apache.commons.lang3.builder
sizeStartText;ToStringStyle;org.apache.commons.lang3.builder
sizeEndText;ToStringStyle;org.apache.commons.lang3.builder
summaryObjectStartText;ToStringStyle;org.apache.commons.lang3.builder
summaryObjectEndText;ToStringStyle;org.apache.commons.lang3.builder
future;AbstractFutureProxy;org.apache.commons.lang3.concurrent
externalExecutor;BackgroundInitializer;org.apache.commons.lang3.concurrent
future;BackgroundInitializer;org.apache.commons.lang3.concurrent
wrappedFactory;BasicThreadFactory;org.apache.commons.lang3.concurrent
uncaughtExceptionHandler;BasicThreadFactory;org.apache.commons.lang3.concurrent
namingPattern;BasicThreadFactory;org.apache.commons.lang3.concurrent
priority;BasicThreadFactory;org.apache.commons.lang3.concurrent
object;ConstantInitializer;org.apache.commons.lang3.concurrent
openingThreshold;EventCountCircuitBreaker;org.apache.commons.lang3.concurrent
openingInterval;EventCountCircuitBreaker;org.apache.commons.lang3.concurrent
closingThreshold;EventCountCircuitBreaker;org.apache.commons.lang3.concurrent
closingInterval;EventCountCircuitBreaker;org.apache.commons.lang3.concurrent
threshold;ThresholdCircuitBreaker;org.apache.commons.lang3.concurrent
executorService;TimedSemaphore;org.apache.commons.lang3.concurrent
period;TimedSemaphore;org.apache.commons.lang3.concurrent
unit;TimedSemaphore;org.apache.commons.lang3.concurrent
limit;TimedSemaphore;org.apache.commons.lang3.concurrent
acquireCount;TimedSemaphore;org.apache.commons.lang3.concurrent
listeners;EventListenerSupport;org.apache.commons.lang3.event
contextValues;DefaultExceptionContext;org.apache.commons.lang3.exception
numerator;Fraction;org.apache.commons.lang3.math
denominator;Fraction;org.apache.commons.lang3.math
value;MutableBoolean;org.apache.commons.lang3.mutable
value;MutableByte;org.apache.commons.lang3.mutable
value;MutableDouble;org.apache.commons.lang3.mutable
value;MutableFloat;org.apache.commons.lang3.mutable
value;MutableInt;org.apache.commons.lang3.mutable
value;MutableLong;org.apache.commons.lang3.mutable
value;MutableObject;org.apache.commons.lang3.mutable
value;MutableShort;org.apache.commons.lang3.mutable
code;NotImplementedException;org.apache.commons.lang3
comparator;Range;org.apache.commons.lang3
maximum;Range;org.apache.commons.lang3
minimum;Range;org.apache.commons.lang3
parser;CompositeFormat;org.apache.commons.lang3.text
formatter;CompositeFormat;org.apache.commons.lang3.text
nullText;StrBuilder;org.apache.commons.lang3.text
escapeChar;StrSubstitutor;org.apache.commons.lang3.text
valueDelimiterMatcher;StrSubstitutor;org.apache.commons.lang3.text
variableResolver;StrSubstitutor;org.apache.commons.lang3.text
quoteMatcher;StrTokenizer;org.apache.commons.lang3.text
ignoredMatcher;StrTokenizer;org.apache.commons.lang3.text
trimmerMatcher;StrTokenizer;org.apache.commons.lang3.text
pattern;FastDateParser;org.apache.commons.lang3.time
timeZone;FastDateParser;org.apache.commons.lang3.time
locale;FastDateParser;org.apache.commons.lang3.time
pattern;FastDatePrinter;org.apache.commons.lang3.time
timeZone;FastDatePrinter;org.apache.commons.lang3.time
locale;FastDatePrinter;org.apache.commons.lang3.time
maxLengthEstimate;FastDatePrinter;org.apache.commons.lang3.time
message;StopWatch;org.apache.commons.lang3.time
startInstant;StopWatch;org.apache.commons.lang3.time
stopInstant;StopWatch;org.apache.commons.lang3.time
mutableProtected;StaticContainer;org.apache.commons.lang3.reflect.testbed
mutablePackage;StaticContainer;org.apache.commons.lang3.reflect.testbed
mutablePrivate;StaticContainer;org.apache.commons.lang3.reflect.testbed
